<?xml version="1.0"?>
<!DOCTYPE look-and-feel PUBLIC "-//Liferay//DTD Look and Feel 6.1.0//EN" "http://www.liferay.com/dtd/liferay-look-and-feel_6_1_0.dtd">

<look-and-feel>
	<compatibility>
		<version>${current-version}</version>
	</compatibility>
	<group-limit>
		<group-includes>
			<group-id name="[$GROUP_ID$]" />
		</group-includes>
	</group-limit>
	<theme id="[$THEME_ID$]" name="[$THEME_NAME$]">
		<root-path>${themes-path}/[$THEME_ID$]</root-path>
		<virtual-path></virtual-path>
		<template-extension>vm</template-extension>
	</theme>
</look-and-feel>